"","id","viewCount","likeCount","favoriteCount","commentCount"
"1","PWGBqskV1UQ","240006","5863","0","236"
"2","tZE_fQFK8EY","598770","12765","0","288"
"3","xOLcZMw0hd4","301549","5221","0","111"
"4","rgZhDoPgzK8","109407","2851","0","58"
"5","cjR5zPrVjTc","118771","2753","0","55"
"6","aO3Yp45zmw8","82842","2077","0","37"
"7","yGYnwMSflBU","78274","2066","0","29"
"8","KfHYN6tZnpU","64923","1456","0","26"
"9","Y1mPWVzaGQY","117599","2871","0","116"
"10","HsAUGbUgx6Y","72753","1742","0","41"
"11","IALw687nswo","53532","1454","0","34"
"12","2TSIUt-lHyo","66970","2122","0","44"
"13","fBOrzQP423A","72512","2009","0","43"
"14","i-VeKZeyHZs","73703","1750","0","37"
"15","4joZpdXeS4A","131129","4403","0","139"
"16","WAUX8dXu6aw","88250","2381","0","36"
"17","4mxJbgdiyIY","139604","3462","0","104"
"18","YM6Ekb5De2o","77572","2107","0","26"
"19","Aa1dGBKgGVc","72020","2008","0","42"
"20","TmNHk7kIxr8","431554","12212","0","139"
"21","y7raEBOvLwU","122958","2542","0","39"
"22","zheKWEkW94o","75392","1821","0","35"
"23","V66WBvI7Ufw","75617","1739","0","13"
"24","jsDxw63QqK0","253742","5009","0","52"
"25","9Ia8zH-qMZw","95371","2177","0","34"
"26","p15KSbNxb28","81115","2293","0","61"
"27","62cN8Z5Velo","65242","1827","0","42"
"28","HeO3yagexTw","126434","3048","0","55"
"29","-ZRsLhaukn8","105513","1908","0","28"
"30","skPOXcVvS5c","196198","3735","0","32"
"31","pj1oFx42d48","124413","2840","0","37"
"32","YnJPbphsoMY","75987","2301","0","33"
"33","9zwq8N4Ufd8","64049","1873","0","41"
"34","4YNDB_zSzfE","86312","2027","0","44"
"35","j6YaOqKORYY","78532","1579","0","40"
"36","6ulXau2HyHg","61056","1754","0","31"
"37","NeeaP8pp9HI","56100","1849","0","31"
"38","8HfzUgxumVE","56586","2113","0","40"
"39","Y1LKHx_GrsY","40837","1642","0","48"
"40","xSbMX0MFJCY","58697","2266","0","59"
"41","o-WFU5ovaTc","35942","1471","0","39"
"42","5dF11sRMWo4","47401","1501","0","36"
"43","pvVvCt6Kdp8","36300","1512","0","27"
"44","kjZAHBMMKoU","36368","1332","0","39"
"45","gAWYROgu4JU","27844","1065","0","26"
"46","Nb6oWRnvBDw","34356","1477","0","21"
"47","NKpkU4-Sf9A","46094","1782","0","52"
"48","ruZqnWHINWE","59428","1522","0","68"
"49","P8scg_XAgZQ","124814","5445","0","97"
"50","9R_6FoM1cog","32523","1279","0","14"
